{"pages":["Ubuntu-L.png"],"chars":[{"id":106,"index":77,"char":"j","width":14,"height":42,"xoffset":-5,"yoffset":5,"xadvance":10,"chnl":15,"x":0,"y":0,"page":0},{"id":107,"index":78,"char":"k","width":20,"height":37,"xoffset":2,"yoffset":2,"xadvance":21,"chnl":15,"x":0,"y":43,"page":0},{"id":98,"index":69,"char":"b","width":23,"height":37,"xoffset":2,"yoffset":2,"xadvance":24,"chnl":15,"x":15,"y":0,"page":0},{"id":100,"index":71,"char":"d","width":23,"height":37,"xoffset":0,"yoffset":2,"xadvance":24,"chnl":15,"x":0,"y":81,"page":0},{"id":102,"index":73,"char":"f","width":16,"height":37,"xoffset":2,"yoffset":2,"xadvance":16,"chnl":15,"x":21,"y":38,"page":0},{"id":104,"index":75,"char":"h","width":21,"height":37,"xoffset":2,"yoffset":2,"xadvance":24,"chnl":15,"x":0,"y":119,"page":0},{"id":108,"index":79,"char":"l","width":10,"height":37,"xoffset":2,"yoffset":2,"xadvance":11,"chnl":15,"x":0,"y":157,"page":0},{"id":228,"index":191,"char":"ä","width":20,"height":35,"xoffset":0,"yoffset":5,"xadvance":21,"chnl":15,"x":0,"y":195,"page":0},{"id":245,"index":208,"char":"õ","width":24,"height":35,"xoffset":0,"yoffset":4,"xadvance":24,"chnl":15,"x":11,"y":157,"page":0},{"id":119,"index":90,"char":"w","width":35,"height":26,"xoffset":-1,"yoffset":13,"xadvance":33,"chnl":15,"x":22,"y":119,"page":0},{"id":252,"index":215,"char":"ü","width":21,"height":35,"xoffset":1,"yoffset":5,"xadvance":24,"chnl":15,"x":24,"y":76,"page":0},{"id":246,"index":209,"char":"ö","width":24,"height":35,"xoffset":0,"yoffset":5,"xadvance":24,"chnl":15,"x":38,"y":38,"page":0},{"id":105,"index":76,"char":"i","width":8,"height":34,"xoffset":1,"yoffset":5,"xadvance":10,"chnl":15,"x":39,"y":0,"page":0},{"id":113,"index":84,"char":"q","width":23,"height":34,"xoffset":0,"yoffset":13,"xadvance":24,"chnl":15,"x":48,"y":0,"page":0},{"id":121,"index":92,"char":"y","width":23,"height":34,"xoffset":-2,"yoffset":13,"xadvance":20,"chnl":15,"x":46,"y":74,"page":0},{"id":103,"index":74,"char":"g","width":22,"height":34,"xoffset":0,"yoffset":13,"xadvance":24,"chnl":15,"x":63,"y":35,"page":0},{"id":112,"index":83,"char":"p","width":23,"height":34,"xoffset":2,"yoffset":13,"xadvance":24,"chnl":15,"x":72,"y":0,"page":0},{"id":109,"index":80,"char":"m","width":33,"height":26,"xoffset":2,"yoffset":13,"xadvance":36,"chnl":15,"x":21,"y":193,"page":0},{"id":116,"index":87,"char":"t","width":16,"height":33,"xoffset":1,"yoffset":6,"xadvance":16,"chnl":15,"x":21,"y":220,"page":0},{"id":99,"index":70,"char":"c","width":20,"height":27,"xoffset":0,"yoffset":13,"xadvance":19,"chnl":15,"x":38,"y":220,"page":0},{"id":101,"index":72,"char":"e","width":22,"height":27,"xoffset":0,"yoffset":13,"xadvance":23,"chnl":15,"x":36,"y":146,"page":0},{"id":111,"index":82,"char":"o","width":24,"height":27,"xoffset":0,"yoffset":13,"xadvance":24,"chnl":15,"x":58,"y":109,"page":0},{"id":97,"index":68,"char":"a","width":20,"height":27,"xoffset":0,"yoffset":13,"xadvance":21,"chnl":15,"x":70,"y":70,"page":0},{"id":115,"index":86,"char":"s","width":19,"height":27,"xoffset":0,"yoffset":13,"xadvance":18,"chnl":15,"x":86,"y":35,"page":0},{"id":122,"index":93,"char":"z","width":20,"height":26,"xoffset":0,"yoffset":13,"xadvance":19,"chnl":15,"x":96,"y":0,"page":0},{"id":120,"index":91,"char":"x","width":23,"height":26,"xoffset":-1,"yoffset":13,"xadvance":21,"chnl":15,"x":55,"y":174,"page":0},{"id":114,"index":85,"char":"r","width":16,"height":26,"xoffset":2,"yoffset":13,"xadvance":16,"chnl":15,"x":59,"y":137,"page":0},{"id":118,"index":89,"char":"v","width":22,"height":26,"xoffset":-1,"yoffset":13,"xadvance":20,"chnl":15,"x":76,"y":137,"page":0},{"id":117,"index":88,"char":"u","width":21,"height":26,"xoffset":1,"yoffset":13,"xadvance":24,"chnl":15,"x":83,"y":98,"page":0},{"id":110,"index":81,"char":"n","width":21,"height":26,"xoffset":2,"yoffset":13,"xadvance":24,"chnl":15,"x":91,"y":63,"page":0}],"info":{"face":"Ubuntu-L","size":42,"bold":0,"italic":0,"charset":["õ","ü","ö","ä","q","w","e","r","t","y","u","i","o","p","l","k","j","h","g","f","d","s","a","z","x","c","v","b","n","m"],"unicode":1,"stretchH":100,"smooth":1,"aa":1,"padding":[0,0,0,0],"spacing":[0,0]},"common":{"lineHeight":43,"base":35,"scaleW":256,"scaleH":256,"pages":1,"packed":0,"alphaChnl":0,"redChnl":0,"greenChnl":0,"blueChnl":0},"distanceField":{"fieldType":"msdf","distanceRange":4},"kernings":[]}